# package	evr	arch	sha256
#
# Locally-provided kernel RPMs for the KERNEL_RPM_SOURCE=local path. Fill in one
# row per RPM with the exact NAME, EPOCH:VERSION-RELEASE, ARCH, and sha256 of the
# RPM. scripts/12a-build-kernel-rpm-carrier.sh verifies every staged RPM against
# these rows (sha256 always; Red Hat signature unless ALLOW_UNSIGNED_KERNEL_RPMS=true)
# before it enters the carrier image. RPM binaries are never committed; stage them
# in KERNEL_RPM_DIR outside this repository.
#
# Current pin: FIXED + INSTRUMENTED L1VH kernel `...mgns2.el10`, an UNSIGNED
# developer build. It keeps the mgns1 deposit/withdraw tracepoints AND adds the
# candidate fix for the csum_partial #GP root cause
# (issues/2026-09-09d-ROOT-CAUSE-deposited-page-overread.md):
# hv_call_deposit_pages() now removes donated pages from the kernel direct map
# (set_direct_map_valid_noflush + flush_tlb_kernel_range) before handing them to
# the hypervisor, and restores them on the error and withdraw paths. An
# over-read into a deposited page then hits a NOT PRESENT mapping and takes a
# #PF, which load_unaligned_zeropad()'s EX_TYPE_ZEROPAD fixup recovers from,
# instead of the unrecoverable #GP.
#
# Previous pin was `mgns1.el10` (instrumentation only, no fix). EXPECTED_KERNEL
# in l1vh.env must match this suffix or scripts/12b reports the swap as failed.
#
# RHCOS 10 installs all five of these subpackages, so all five are replaced
# together. The tarball also ships kernel-devel, kernel-devel-matched,
# kernel-modules-extra-matched, kernel-modules-internal and
# kernel-modules-partner; those are NOT installed on RHCOS and are deliberately
# left out of the carrier.
kernel	0:6.12.0-211.49.1.1794_2798046552.mgns2.el10	x86_64	47bc7ab7631cd4d34e9536da543dc6897672629cf82dffa20f2dd449c7bf0381
kernel-core	0:6.12.0-211.49.1.1794_2798046552.mgns2.el10	x86_64	fd4e0fbf64d401ef7a31cf1f407f3a9dce0103fdb4766711237a5857560e090a
kernel-modules	0:6.12.0-211.49.1.1794_2798046552.mgns2.el10	x86_64	d4f6bb86aaec6b07d28fa23e2d59e0c92f5e13056f3e2799deb35389cbf5cbe7
kernel-modules-core	0:6.12.0-211.49.1.1794_2798046552.mgns2.el10	x86_64	7ea8ed14163b589370efe9ee015a6980886be759652091a369778b4c7d956821
kernel-modules-extra	0:6.12.0-211.49.1.1794_2798046552.mgns2.el10	x86_64	e7a6d689768aaeccd6ce9bcdef84885ba4104d8e859093f72bd2c896967c2e92
